<?xml version="1.0" encoding="UTF-8" ?> 
<!DOCTYPE hibernate-mapping PUBLIC
    "-//Hibernate/Hibernate Mapping DTD 3.0//EN" 
    "http://hibernate.sourceforge.net/hibernate-mapping-3.0.dtd">
  <hibernate-mapping>
  	
  <class name="com.mycompany.myproject.sample.dto.SampleDTO" table="Samples">
  
	  <!-- followings are for basic for any entity -->
	  <id name="componentId" column="componentId" type="long">
	    <generator class="native"/>
	  </id>  
	  <property name="uniqueCode" type="string" column="uniqueCode" length="50"  /> 
	  
	  <!-- followings are for sample entity -->
	  <!-- CUSTOM_FIELDS -->
	
	  <!-- followings are for audit trial -->	
	  <property name="status" type="int" column="status"/> 
	  <property name="version" type="int" column="version"  /> 
	  <property name="createdDate" type="calendar" column="createddate"  /> 
	  <property name="createdBy" type="long" column="createdby"  />    
	  <property name="updatedDate" type="calendar" column="updateddate"  /> 
	  <property name="updatedBy" type="long" column="updatedby"  />  

  </class>
  
  
 </hibernate-mapping>