	
	<!-- MAPPING_START -->
        <value>com/mycompany/myproject/sample/dto/SampleDTO.hbm.xml</value>
	<!-- MAPPING_END -->	
	
	<!-- BEAN_START -->
  <!-- 
	=====================================================================================================
										Sample
	=====================================================================================================
  -->
  <bean id="SampleDAOImpl" class="com.mycompany.myproject.sample.dao.SampleDAOImpl" lazy-init="default" autowire="default" parent="baseEntityDAO">
  </bean>

  <bean id="sampleService" class="com.mycompany.myproject.sample.service.SampleServiceImpl" lazy-init="default" autowire="default" >   
    <property name="sampleDAO">
      <ref bean="SampleDAOImpl"/>
    </property>
    <property name="searcher">
    	<ref bean="GenericSearcher"/>
    </property>
<!-- $SET_UPLOAD_DIRECTORY_PATH$ -->    
  </bean>
  <!-- BEAN_END -->
  