		<action name="sample" class="com.mycompany.myproject.sample.action.SampleCommonAction">
			<result name="success">/Sample/Search/index.jsp</result>
			<result name="search">/Sample/Search/index.jsp</result>
			<result name="prompt">/Sample/Modify/index.jsp</result>
		</action>
		
		<action name="sampleedit" class="com.mycompany.myproject.sample.action.SampleEditAction">
			<!-- $STRUTS_FILE_UPLOAD_STACK_REF$ -->
			<result name="input">/Sample/Modify/index.jsp</result>
			<result name="search" type="redirectAction">
				<param name="actionName">sample</param>
			</result>
			<result name="success" type="redirectAction">
				<param name="actionName">sample</param>
			</result>
		</action>
		
		<!-- $STRUTS_UPLOADED_FILE_GET_BLOCK$ -->
		