		<!-- The following interceptors need to be included into main struts.xml at TOP -->
		<!-- JUST AFTER the starting 'package' start otherwise struts.xml will be wrong version -->
		<interceptors>
			<interceptor-stack name="fileUploadStack">
				<interceptor-ref name="exception" />
				<interceptor-ref name="alias" />
				<interceptor-ref name="servletConfig" />
				<interceptor-ref name="prepare" />
				<interceptor-ref name="i18n" />
				<interceptor-ref name="chain" />
				<interceptor-ref name="debugging" />
				<interceptor-ref name="profiling" />
				<interceptor-ref name="scopedModelDriven" />
				<interceptor-ref name="modelDriven" />
				<interceptor-ref name="fileUpload">
					<param name="maximumSize">10240</param>
					<!--  $STRUTS_FILE_UPLOAD_STACK_ALLOWED_TYPES$ -->
				</interceptor-ref>
				<interceptor-ref name="checkbox" />
				<interceptor-ref name="staticParams" />
				<interceptor-ref name="actionMappingParams" />
				<interceptor-ref name="params">
					<param name="excludeParams">dojo\..*,^struts\..*</param>
				</interceptor-ref>
				<interceptor-ref name="conversionError" />
				<interceptor-ref name="validation">
					<param name="excludeMethods">input,back,cancel,browse</param>
				</interceptor-ref>
				<interceptor-ref name="workflow">
					<param name="excludeMethods">input,back,cancel,browse</param>
				</interceptor-ref>
			</interceptor-stack>
		</interceptors>